channel,conversion_cost,engagement_cost,cpc,impressions
Bing,18.4375,0,1.190716448,32531
TikTok Ads,2719.583333,0,0.961162761,37887685
Twitter,0,0.4825370215,0.5189458818,9642974
Facebook,13.6031185,0.1206575116,0.9985349551,7145448